person_id,friend_id
946,730
537,719
408,863
438,551
369,939
764,205
456,188
610,257
781,149
367,859
661,779
647,211
694,350
643,815
320,838
305,285
493,803
612,715
613,119
238,973
845,89
547,925
428,399
548,658
974,201
297,79
137,515
932,490
576,501
854,98
725,324
347,388
235,212
727,57
69,726
755,660
65,734
528,506
353,158
94,618
615,325
14,988
744,334
292,178
386,363
118,561
560,600
823,168
631,37
829,443
285,850
330,527
186,254
628,876
460,700
395,582
826,138
869,395
859,237
557,865
932,527
195,61
334,545
197,894
747,847
102,189
874,685
195,975
760,843
943,608
747,444
268,108
370,931
377,871
836,257
847,907
524,303
922,603
33,203
571,395
991,315
490,966
661,109
387,824
496,528
516,527
7,298
542,821
694,939
608,540
28,865
950,959
477,339
498,837
166,233
350,614
669,891
755,973
474,885
983,601
565,509
912,726
211,419
547,891
902,870
815,2
448,786
758,422
408,364
946,827
621,693
285,847
1000,748
300,425
717,734
296,888
321,64
722,924
778,610
632,841
420,291
207,875
242,945
60,143
964,69
284,750
143,197
942,324
921,742
234,363
178,740
498,707
132,693
878,213
805,628
899,132
533,417
5,865
631,748
75,696
94,812
955,736
603,123
403,101
39,213
532,683
353,379
319,796
433,304
327,396
341,802
612,551
808,876
271,651
302,474
717,491
454,691
54,722
8,691
669,440
835,28
645,733
918,537
473,3
863,500
698,142
561,782
631,90
466,567
167,42
472,717
231,707
439,246
609,359
65,750
558,836
614,918
255,323
634,732
628,648
103,294
663,978
635,812
45,152
228,428
779,70
468,250
502,17
373,658
96,238
415,268
495,145
862,943
94,312
203,450
547,16
82,685
639,979
546,367
949,86
649,410
558,576
19,592
30,721
621,889
914,81
609,402
302,5
115,741
685,903
417,127
994,550
111,381
791,980
239,584
125,255
995,240
434,562
416,163
848,874
242,670
725,65
240,809
974,432
580,437
905,226
480,529
842,199
238,945
239,471
976,73
790,4
325,776
149,98
743,622
416,296
830,929
915,683
18,863
895,554
115,911
735,31
860,446
552,111
136,462
796,889
221,257
396,847
986,146
828,82
308,52
474,929
585,390
453,330
330,541
148,63
954,527
876,185
602,315
249,108
689,407
803,127
239,628
428,483
564,194
815,249
682,601
960,606
71,163
144,823
898,484
467,996
354,376
488,428
715,342
291,523
205,183
553,998
212,313
784,858
552,263
585,198
358,276
145,632
575,610
964,634
746,884
630,882
359,807
1000,970
644,637
107,842
817,100
657,221
888,652
689,373
997,356
186,282
556,222
325,145
417,427
373,797
204,697
154,143
464,840
670,917
916,40
647,419
570,14
730,152
889,308
354,431
563,104
331,661
803,817
281,565
988,853
5,746
203,828
681,366
491,647
139,516
144,804
326,692
69,112
822,459
368,964
632,505
312,728
124,962
897,869
446,794
341,948
107,70
933,359
841,771
384,247
379,393
250,440
503,222
117,681
314,780
683,182
264,653
491,924
666,173
663,927
164,710
885,24
983,579
481,566
826,661
939,80
906,329
664,731
679,574
98,895
191,832
178,588
70,142
827,241
277,384
252,384
370,445
984,681
784,823
789,294
967,769
438,94
59,558
860,488
726,275
195,833
973,803
979,784
323,723
586,997
578,776
378,638
441,332
532,687
834,139
991,109
305,100
305,283
405,938
581,775
374,544
49,974
486,409
758,405
444,881
423,51
338,404
383,325
733,795
852,344
516,512
793,250
735,789
396,598
666,630
599,922
176,610
268,59
440,465
484,540
635,795
16,44
76,370
541,675
79,994
208,892
670,444
486,925
274,946
793,131
945,429
887,546
503,965
469,648
276,239
432,655
399,242
170,670
684,670
41,107
951,421
692,385
271,957
204,542
409,882
485,607
646,606
588,73
614,610
163,70
501,903
172,891
546,693
641,732
275,380
373,543
976,164
748,235
330,966
315,552
879,412
383,48
833,238
135,685
74,486
717,137
98,785
84,188
20,849
235,738
252,987
73,403
463,585
650,239
12,265
211,473
901,899
402,417
523,348
310,785
520,130
574,580
34,85
423,785
819,586
846,959
732,266
712,273
670,412
444,462
786,560
875,793
724,257
691,135
648,911
167,893
16,359
320,588
250,465
880,712
712,181
986,181
699,463
553,513
393,259
636,517
658,290
588,263
966,19
689,77
129,706
501,215
493,43
418,866
586,926
403,170
193,650
697,347
801,693
757,14
68,838
634,364
548,485
262,592
344,543
339,196
812,650
900,683
852,262
462,523
637,778
426,760
236,624
124,127
891,773
752,932
420,387
542,167
577,689
525,501
857,533
689,841
349,314
277,349
11,810
364,49
808,649
543,660
699,795
134,406
286,601
730,28
489,98
527,134
284,825
75,659
728,398
234,718
549,736
764,737
380,965
444,894
561,16
383,501
4,725
461,884
817,981
55,158
891,91
311,376
731,361
912,55
906,688
634,356
940,397
483,657
537,978
225,114
407,399
786,925
676,228
662,766
120,616
11,937
578,752
194,957
265,344
401,727
109,581
555,453
998,893
77,892
776,677
161,115
165,883
957,356
828,49
609,174
106,242
651,249
99,552
311,127
428,465
461,140
487,128
924,156
927,680
485,159
555,690
311,829
911,109
202,670
568,576
398,194
276,847
664,136
649,892
118,483
618,501
113,168
844,748
583,39
734,972
880,754
66,897
19,25
137,479
726,242
142,284
486,41
802,298
967,76
752,424
999,767
781,991
618,779
108,241
14,898
158,173
377,1000
211,75
350,116
695,835
159,965
337,187
308,239
548,924
852,508
718,609
432,944
973,35
295,253
339,736
180,706
338,554
765,97
511,165
631,333
712,426
796,804
515,117
820,719
787,744
574,35
263,22
563,645
227,178
948,25
764,347
550,582
884,698
572,691
560,218
168,115
195,447
30,881
935,726
918,814
18,134
49,764
930,770
311,5
763,691
340,306
64,805
699,421
723,491
199,162
640,506
52,442
361,601
372,276
275,256
695,275
50,901
956,886
589,5
69,207
722,565
446,785
865,660
72,880
899,776
919,714
204,115
290,954
956,651
814,868
109,278
557,616
815,86
997,863
188,589
638,251
114,113
142,362
114,505
257,752
743,650
678,214
372,856
973,230
886,826
963,881
914,144
369,379
490,597
135,429
485,845
500,977
854,285
436,456
189,334
70,389
130,935
894,807
911,354
317,898
324,143
540,50
711,232
135,240
227,552
95,953
917,19
478,788
666,298
347,904
689,682
218,997
839,316
403,799
412,473
97,375
671,142
474,412
670,186
969,650
359,195
569,288
587,43
852,175
607,306
144,99
296,305
348,423
871,914
757,425
886,518
294,644
480,339
410,428
180,813
848,3
170,203
462,84
556,973
363,311
977,987
131,508
106,809
973,542
992,255
369,929
217,325
98,308
241,453
295,868
716,852
51,988
855,368
869,681
610,282
37,429
75,716
616,727
403,975
509,258
796,766
152,529
84,857
835,535
572,639
953,960
374,965
393,850
655,78
88,622
854,710
632,480
84,618
565,490
219,364
128,153
275,983
995,863
579,688
992,538
730,872
162,977
231,324
290,943
890,469
426,636
370,134
274,217
126,898
875,552
103,90
469,98
748,862
930,965
507,754
761,175
165,343
456,829
148,987
800,7
713,567
402,913
89,344
871,105
870,652
22,556
134,691
653,446
962,99
149,418
982,585
358,231
444,414
449,675
86,827
765,808
418,757
460,791
325,960
401,761
491,685
373,764
924,997
772,94
583,75
421,557
505,642
14,141
480,771
37,930
701,738
35,976
404,960
698,555
593,772
881,467
805,107
814,874
333,305
436,2
163,126
232,740
561,359
162,905
268,91
182,121
541,486
624,187
82,558
258,966
476,77
248,366
616,108
603,936
637,184
543,841
596,882
94,367
309,843
595,759
687,92
359,318
609,984
882,132
21,764
863,367
128,805
32,580
501,352
235,800
384,703
7,179
940,421
956,91
928,14
369,196
234,305
191,511
771,187
195,499
480,960
195,712
241,630
817,857
889,327
651,768
359,225
780,994
617,59
709,122
308,84
989,670
799,739
449,59
973,983
822,892
406,560
262,280
65,745
563,660
790,218
144,809
294,635
395,512
160,983
681,220
13,761
886,533
925,787
634,69
482,308
903,156
512,759
629,375
384,588
550,342
980,857
199,674
890,715
823,365
893,86
887,942
772,465
986,250
368,586
266,471
445,497
8,654
588,525
893,659
194,268
175,98
805,254
650,116
648,824
102,885
82,645
383,71
78,601
381,632
58,555
346,459
703,521
889,407
169,612
374,345
712,52
803,985
457,195
892,536
631,783
739,914
410,90
580,494
591,107
973,725
601,614
317,199
593,213
431,578
866,32
98,138
558,898
141,406
298,653
150,698
70,251
307,73
867,98
817,241
365,468
869,279
78,170
74,908
569,889
841,187
764,784
641,461
341,46
639,976
27,585
693,643
597,412
304,630
952,816
819,253
795,895
772,275
660,383
466,630
273,449
773,507
287,929
437,211
403,628
92,402
436,765
5,79
779,97
47,225
893,718
764,525
361,230
861,462
409,98
500,504
292,76
870,950
506,339
677,5
981,448
145,834
103,534
111,517
143,204
575,688
128,742
690,781
963,451
434,220
750,979
349,789
86,890
241,719
895,678
487,877
130,606
391,124
215,603
455,967
304,730
567,634
16,428
664,747
537,676
291,461
539,666
466,635
278,78
4,808
446,807
692,207
885,735
851,915
253,469
1,595
731,3
417,553
138,536
608,33
76,325
973,88
321,82
349,126
295,558
435,239
61,403
884,954
840,99
92,789
827,901
950,801
64,189
991,555
660,424
692,460
669,621
202,236
341,128
2,32
54,780
825,897
787,376
439,475
213,505
638,484
752,999
403,860
669,484
590,350
511,927
989,338
949,722
574,701
663,292
716,926
339,563
631,50
873,208
398,515
163,705
672,599
399,63
435,996
747,519
804,6
384,398
615,812
145,922
261,716
941,265
334,481
115,663
539,888
413,16
237,697
67,943
642,424
156,418
61,905
838,786
105,543
853,867
75,271
166,619
431,460
536,961
375,165
927,874
76,854
433,423
760,434
572,28
187,986
138,880
459,120
94,853
754,552
315,425
713,221
722,555
214,76
90,534
146,205
869,572
98,398
428,109
480,484
267,108
436,860
801,96
449,664
847,317
621,71
810,497
370,873
991,214
239,909
479,155
184,950
766,572
43,748
738,244
921,255
49,24
257,237
481,759
898,479
491,207
930,642
989,549
48,783
648,854
498,731
38,367
938,379
894,570
712,525
937,621
582,498
168,255
717,572
629,55
789,3
19,45
246,480
723,932
737,39
927,316
685,908
38,226
748,694
365,630
42,692
396,536
823,317
748,697
820,984
420,428
72,186
921,818
885,841
477,271
883,981
221,493
154,30
849,18
450,63
725,246
639,198
340,706
413,856
617,697
331,295
646,494
624,159
96,127
744,321
863,847
696,498
898,474
647,221
913,134
423,592
572,488
316,729
587,875
990,971
475,121
655,887
951,842
880,588
794,871
64,16
860,390
647,849
360,11
403,352
582,984
870,778
155,413
484,505
608,881
193,59
479,787
990,123
627,125
125,971
779,669
92,783
582,635
234,898
931,559
795,434
519,502
804,495
512,179
725,340
97,218
407,139
582,927
949,728
899,176
364,797
442,462
604,556
438,844
779,537
591,143
219,790
200,501
181,701
947,766
387,503
561,867
54,980
172,677
303,555
738,727
211,338
208,67
419,380
869,507
736,772
664,199
88,94
852,72
706,103
198,13
968,199
629,894
99,966
81,871
871,899
64,445
632,724
359,528
648,790
303,513
484,836
23,602
936,515
461,35
325,492
429,942
384,199
136,684
790,561
18,603
778,837
634,828
400,420
865,604
266,241
441,511
80,116
539,290
673,275
900,836
871,33
501,774
799,874
1,922
601,211
137,721
217,593
490,218
670,996
542,722
642,51
169,121
530,289
659,926
27,269
901,581
943,503
966,100
729,95
685,532
987,971
87,170
247,343
908,436
332,940
697,192
17,733
115,760
569,587
139,20
183,237
299,506
971,777
254,143
247,349
115,559
647,901
275,630
754,146
313,238
128,871
341,555
234,695
574,417
107,10
928,823
924,190
502,703
597,716
970,60
313,672
223,357
6,222
407,146
976,616
244,941
462,66
566,136
245,661
333,318
927,513
322,430
274,597
679,970
236,591
713,493
28,237
51,984
507,441
499,676
503,296
226,803
822,518
940,852
99,939
728,451
492,30
696,840
544,268
755,141
917,887
43,710
835,65
642,420
103,45
447,481
788,954
366,139
321,906
952,771
216,759
453,60
632,365
13,179
192,287
902,968
561,233
127,187
70,38
615,127
487,462
664,390
73,71
85,931
756,403
74,308
602,50
506,639
104,23
139,64
521,404
946,558
143,427
314,899
680,40
23,950
911,539
75,891
127,13
423,195
992,835
209,556
962,783
783,13
665,988
992,545
732,646
799,125
563,640
576,503
429,507
357,229
153,755
349,733
44,611
84,867
905,317
645,841
335,458
750,642
340,208
546,375
687,477
508,925
518,236
548,890
572,511
386,474
468,893
841,84
438,258
164,273
445,984
248,546
104,153
404,803
196,867
882,980
365,768
51,304
45,597
517,308
820,365
868,613
50,669
988,504
978,268
713,483
183,416
590,309
745,18
2,794
145,579
966,115
230,420
182,454
829,582
479,894
681,280
152,205
820,998
759,38
162,618
108,834
527,783
355,701
100,6
907,905
719,130
593,54
252,53
28,412
180,479
324,60
968,318
1000,341
805,394
631,176
601,463
640,859
568,106
435,16
730,366
521,234
996,185
736,7
720,853
898,248
226,349
336,847
375,669
544,402
775,853
241,919
422,3
429,127
17,722
389,941
116,256
207,925
881,779
356,663
904,787
706,730
76,674
312,745
38,657
623,388
601,595
671,842
857,517
32,804
18,447
630,429
222,717
536,47
413,656
198,462
939,932
556,949
591,552
314,941
792,504
777,165
85,317
938,449
946,973
275,864
467,756
807,188
264,3
828,528
793,983
193,249
8,618
19,736
165,561
332,803
55,167
977,209
268,302
84,815
916,64
543,421
255,510
436,508
199,119
364,366
295,452
455,145
842,746
895,370
845,400
829,147
224,749
65,149
535,720
810,790
596,67
318,947
748,269
848,288
572,130
479,985
742,996
916,354
543,696
610,70
166,558
721,59
98,396
452,867
742,440
891,378
524,3
255,580
818,3
131,564
892,586
299,785
365,137
817,395
496,369
379,566
641,914
656,297
941,32
977,468
762,309
356,383
849,981
784,632
221,725
462,110
658,372
561,423
828,815
921,615
490,312
323,307
452,66
252,542
868,16
176,522
593,844
264,484
926,864
898,780
280,403
253,191
398,564
888,962
95,275
716,314
755,713
428,211
835,596
405,527
268,89
104,723
804,463
781,592
979,662
216,368
998,777
157,644
475,550
37,538
388,823
196,780
684,985
264,464
356,943
503,915
878,342
539,857
38,854
164,100
971,422
341,368
879,557
249,413
231,311
489,870
173,723
678,488
178,338
545,187
599,412
326,793
114,470
722,828
860,920
966,762
39,198
731,532
367,673
551,206
241,74
980,553
976,277
598,720
78,960
131,520
865,835
428,763
327,310
719,956
879,185
787,735
533,753
270,309
999,580
38,752
927,420
826,697
414,498
252,262
746,484
816,858
739,239
821,61
660,899
191,345
457,326
834,294
474,466
323,522
484,69
312,341
383,103
858,882
451,698
493,301
780,841
506,871
649,375
108,173
677,886
291,854
328,607
746,655
838,150
378,930
165,336
156,384
172,870
667,128
836,501
428,879
305,400
4,960
803,193
992,19
411,930
360,543
581,678
545,67
375,597
291,191
746,852
40,339
243,971
249,233
20,407
894,19
557,858
968,818
120,638
34,891
110,912
424,822
807,395
969,330
467,78
669,792
240,446
874,55
968,299
617,486
509,844
488,871
464,485
716,860
601,287
186,173
229,561
642,74
458,342
148,439
756,954
143,826
178,798
305,129
753,717
317,654
922,880
921,650
91,392
914,590
253,163
403,608
585,922
513,281
10,50
465,277
470,59
526,675
122,377
287,327
824,696
173,998
971,178
178,793
398,273
379,604
564,405
535,274
468,629
303,53
630,110
827,325
956,177
364,950
443,58
824,446
596,242
943,819
2,158
271,397
265,588
541,995
97,605
395,711
102,276
422,223
363,896
501,565
875,123
554,106
360,639
531,275
550,377
287,396
249,443
426,298
822,519
413,991
545,438
134,108
145,206
109,291
257,478
721,205
829,327
878,485
418,303
460,129
78,431
254,611
814,604
941,949
641,62
99,879
922,903
750,70
773,347
659,518
199,506
167,614
336,842
74,795
469,840
273,109
176,51
313,177
880,865
84,406
532,916
693,595
612,611
469,246
269,966
882,81
43,819
794,838
446,354
487,413
562,66
658,886
385,30
797,907
459,951
436,503
977,580
988,852
299,186
597,879
592,68
435,202
467,534
112,14
911,12
768,905
897,399
324,605
527,823
535,452
752,827
593,454
861,389
814,210
575,71
144,985
350,309
504,2
711,451
813,101
243,975
446,490
496,377
616,227
775,739
943,212
987,850
279,192
89,593
867,419
6,89
259,162
353,822
64,917
588,104
525,643
580,118
776,266
654,447
679,816
444,979
181,761
836,39
889,549
950,896
943,593
156,461
444,438
632,240
413,932
425,93
98,366
556,225
796,111
258,98
659,46
969,341
971,375
448,778
974,347
112,606
300,787
213,237
71,317
93,120
395,893
642,10
379,619
537,361
865,189
396,584
697,634
471,477
662,461
969,608
146,107
940,728
430,573
764,346
147,611
937,276
312,73
69,219
467,717
896,474
565,81
3,393
348,290
174,276
276,228
743,929
462,612
993,656
597,106
893,444
20,951
41,90
471,401
682,28
963,955
417,616
604,607
18,165
965,535
306,308
153,539
612,243
204,689
631,883
761,728
824,967
894,498
720,276
365,632
506,42
605,700
520,199
499,202
615,664
196,684
724,394
427,17
116,88
907,258
166,593
405,884
128,601
452,951
474,323
779,17
920,23
848,413
854,329
120,40
589,564
375,183
79,892
331,180
132,274
790,898
866,437
154,644
482,616
938,783
334,829
553,679
403,854
510,618
1000,730
611,438
944,621
551,253
574,432
78,166
127,488
865,580
850,484
9,667
57,633
939,941
315,602
926,577
74,491
173,615
551,904
290,225
935,146
797,795
607,370
567,738
726,69
607,916
697,149
52,83
608,532
977,450
157,105
55,12
744,737
890,887
653,295
169,357
758,609
703,428
249,857
987,445
719,568
452,772
131,733
154,952
977,247
748,616
763,183
734,768
90,269
581,239
384,849
711,402
463,196
296,433
510,750
604,404
738,689
929,894
641,28
220,633
429,819
963,106
468,482
301,814
78,876
447,172
866,205
850,860
991,984
991,215
464,752
551,255
524,746
857,413
925,532
7,302
949,506
490,843
882,292
366,888
438,329
127,474
716,811
601,616
630,667
126,240
3,743
680,64
884,372
752,590
572,132
567,308
681,608
669,701
381,719
504,731
114,175
578,685
511,779
859,659
27,32
347,489
739,555
655,406
428,249
476,587
554,737
17,605
73,323
129,233
352,929
222,452
816,466
69,957
376,792
922,85
646,103
655,240
71,112
136,479
232,790
662,779
491,964
556,521
120,809
866,305
124,590
780,807
120,504
602,308
924,300
537,109
112,598
97,541
818,384
854,787
601,584
438,352
56,417
312,533
314,27
548,61
805,953
9,910
799,565
168,443
954,241
335,868
688,166
746,591
645,739
84,788
693,576
843,33
44,445
296,599
579,359
832,26
68,372
909,608
913,208
98,434
482,787
61,231
850,324
612,936
724,306
25,45
19,713
77,603
628,189
494,759
696,611
589,745
988,77
434,125
437,580
502,441
453,529
572,698
42,518
123,62
361,377
855,131
49,666
272,995
886,9
320,787
440,193
138,693
533,383
275,928
937,735
239,190
264,929
769,984
439,330
218,406
14,446
566,886
743,688
881,585
771,643
903,167
731,699
621,549
462,841
107,252
459,859
219,978
897,179
568,997
267,586
567,302
151,814
72,65
38,180
50,414
790,462
280,4
555,903
828,574
147,810
911,342
444,6
427,311
415,621
650,620
909,574
261,622
804,115
329,615
386,585
896,669
25,948
604,641
255,424
404,781
413,204
394,942
96,572
17,791
450,134
623,740
661,103
350,334
350,398
352,91
495,445
920,689
72,893
477,890
449,864
327,23
222,25
204,687
352,471
997,655
328,475
595,310
669,654
201,564
980,263
215,944
309,531
15,959
805,837
516,908
997,592
977,110
696,235
208,216
381,927
729,487
807,98
549,358
606,165
182,580
852,499
604,80
783,55
925,997
802,921
352,877
418,727
517,229
34,923
906,415
170,131
291,363
367,253
281,495
888,441
937,672
645,125
565,19
427,187
583,501
516,174
204,476
172,2
365,541
553,890
44,991
387,839
719,117
255,496
477,407
929,540
658,999
951,351
749,565
24,267
867,831
132,92
208,582
945,895
603,858
895,741
917,387
292,166
26,401
294,485
549,331
689,921
91,906
864,9
581,547
831,323
523,714
463,313
635,42
525,926
242,201
64,439
350,353
895,103
495,634
428,111
334,409
145,630
356,354
211,501
795,475
999,449
72,1
619,755
535,594
128,156
14,856
908,449
263,322
280,958
453,946
199,144
376,370
588,37
347,926
815,109
910,456
605,773
44,543
94,742
288,267
75,952
401,940
936,946
16,991
500,84
172,610
896,640
783,802
94,908
937,754
665,819
860,750
816,144
771,192
956,419
627,715
355,178
145,783
844,354
606,385
310,789
189,938
548,179
426,990
539,679
635,580
855,228
867,579
273,176
657,999
978,191
261,156
543,35
896,338
978,240
398,748
515,429
133,851
342,772
192,346
985,678
49,347
576,12
121,502
391,743
552,661
178,20
617,413
424,792
557,670
903,169
747,720
611,424
939,110
354,604
420,166
877,835
568,751
180,73
569,837
431,219
956,867
560,558
337,602
995,997
753,290
809,537
766,889
282,212
941,545
196,871
610,904
536,114
78,28
289,548
499,287
616,511
815,43
984,977
418,985
791,795
931,335
41,26
640,188
958,581
542,623
425,409
251,776
890,61
987,137
119,306
47,921
8,421
315,502
834,561
776,51
834,691
655,89
823,764
961,172
28,850
868,717
529,793
527,548
2,533
837,135
276,227
841,575
403,751
338,82
883,820
642,201
930,856
246,664
326,431
632,906
950,238
176,459
175,951
677,748
425,132
682,136
607,679
302,262
280,562
839,326
471,865
431,649
264,860
192,633
837,111
42,219
723,991
593,743
106,834
951,448
581,925
394,894
560,897
283,305
339,352
552,576
372,519
206,327
649,941
542,398
481,867
254,196
599,247
746,187
351,353
298,418
665,115
322,184
734,194
831,922
237,567
930,779
599,625
109,688
594,131
694,921
475,491
64,898
275,310
197,880
397,418
53,991
195,262
569,493
205,283
32,661
729,302
403,178
618,7
73,989
743,18
627,104
306,939
703,326
144,303
707,827
852,453
755,327
121,317
878,722
81,636
908,696
451,833
356,462
502,848
683,214
52,946
723,69
567,598
733,614
376,724
329,531
714,328
400,484
307,182
764,963
78,290
850,258
837,369
263,807
880,254
284,168
646,865
357,890
245,986
501,738
778,326
864,392
802,284
584,869
446,329
867,580
875,155
269,823
842,907
160,804
980,631
371,839
894,902
809,569
373,974
555,314
156,557
586,559
489,530
515,941
865,745
168,64
738,745
209,369
653,910
284,588
538,796
892,117
548,82
268,361
995,845
630,305
754,784
844,330
604,618
74,325
868,956
795,387
815,281
80,690
412,635
284,102
23,710
370,74
354,619
177,577
734,966
243,313
207,413
235,563
431,602
100,510
698,397
89,84
674,45
846,316
670,690
548,788
864,616
570,383
230,461
882,584
80,210
545,557
498,815
660,159
131,922
890,374
777,334
303,928
860,687
448,664
60,146
80,313
873,339
662,998
809,878
25,468
344,595
911,817
529,466
494,250
265,768
654,703
810,405
385,464
277,854
948,767
782,975
759,826
891,484
88,772
717,810
157,383
839,644
963,509
689,189
28,616
479,311
3,976
402,690
358,792
814,657
367,765
649,386
329,557
806,415
321,777
987,754
903,144
371,320
254,195
289,450
905,869
10,203
92,800
118,743
501,366
366,649
841,783
305,857
737,5
65,621
185,122
722,169
399,692
778,152
72,639
441,149
655,800
90,997
384,735
896,327
174,878
392,322
755,368
318,379
343,581
839,383
688,97
727,574
79,613
796,809
905,591
697,450
348,541
145,268
305,565
210,76
309,178
885,603
878,34
244,891
907,948
226,956
344,115
187,452
398,110
338,911
1,855
67,431
343,890
42,88
994,32
720,381
179,412
601,510
907,425
639,1
923,567
803,14
540,912
349,685
315,436
249,235
102,548
988,660
740,618
969,508
735,284
523,506
936,693
375,438
156,473
267,176
25,669
870,282
723,153
1000,110
329,94
622,681
592,4
49,365
245,938
267,771
730,949
144,580
399,136
538,592
385,15
129,621
972,223
490,988
998,106
806,40
571,631
986,936
77,43
414,243
915,689
91,107
911,349
136,771
316,49
528,764
894,400
90,158
169,2
109,883
733,91
662,165
714,54
831,178
41,822
490,636
852,526
743,668
999,3
663,317
214,295
365,145
58,516
869,683
644,345
367,293
795,103
325,755
242,500
366,876
646,889
113,477
952,549
861,747
478,554
98,721
951,169
619,141
391,104
978,68
994,264
337,380
91,26
908,839
576,117
688,220
185,58
352,490
405,950
352,302
546,320
251,368
879,418
741,306
306,157
486,360
737,755
630,283
158,992
609,669
380,575
110,805
240,350
517,851
365,305
795,134
602,303
520,247
233,667
578,441
983,34
961,525
975,933
827,711
423,249
743,597
316,127
533,84
14,880
100,148
322,790
738,436
108,24
835,467
275,235
885,158
739,536
51,499
576,969
10,527
3,894
85,719
69,746
820,979
616,221
695,802
998,283
591,683
725,818
687,317
178,55
332,250
735,579
416,265
625,729
369,852
753,428
992,381
31,1
105,276
42,201
838,633
629,343
906,815
853,42
517,233
833,811
393,664
84,841
443,878
860,49
815,340
366,291
600,21
611,993
742,601
498,525
685,552
327,364
926,802
676,312
400,750
3,604
207,973
441,221
73,855
181,561
24,486
909,964
680,851
663,968
350,216
539,948
407,509
765,496
348,434
767,836
677,975
857,980
888,636
928,78
770,290
981,474
723,683
753,888
343,89
816,665
306,644
818,977
562,364
106,68
71,673
116,618
778,632
16,208
528,583
13,658
136,780
882,575
68,220
167,163
798,92
392,818
925,749
417,748
919,646
738,449
712,480
440,765
745,566
59,936
312,211
179,404
464,195
412,24
419,716
540,662
962,20
694,617
530,16
955,556
262,365
564,968
114,520
558,541
399,489
606,181
755,762
448,711
283,531
650,740
878,157
282,299
823,366
666,490
721,896
158,293
963,869
39,120
950,330
837,512
511,876
84,13
522,534
306,265
875,64
151,77
318,77
789,604
100,13
149,835
372,928
240,837
745,658
568,343
870,550
729,118
33,784
317,599
848,991
856,798
101,509
686,474
46,468
997,692
748,88
668,906
184,610
415,172
591,248
61,755
656,816
356,798
782,467
843,805
633,583
281,889
135,248
818,550
402,686
308,352
106,616
113,322
351,230
881,351
997,441
600,639
385,423
334,981
268,727
104,37
943,204
454,730
371,880
138,427
693,994
597,937
461,944
444,127
947,163
205,948
866,983
672,971
256,587
551,163
226,100
573,816
889,917
855,365
990,717
68,384
424,356
107,751
942,87
981,453
980,298
822,709
314,23
995,15
892,551
871,670
187,238
445,843
955,859
209,391
326,346
169,522
35,957
134,869
585,92
528,962
558,346
473,563
99,832
34,946
296,336
620,776
109,476
122,82
670,260
12,729
62,718
467,945
450,880
218,44
774,969
783,649
957,399
137,444
991,635
133,790
952,255
64,878
791,725
746,719
304,549
57,912
115,1000
161,542
827,492
201,38
765,935
826,151
620,994
597,315
549,485
579,197
184,989
388,603
887,96
368,910
436,16
103,831
81,436
943,901
338,73
282,238
614,208
790,105
558,695
75,719
708,539
107,300
880,682
838,646
817,558
962,528
594,416
998,315
159,122
707,124
199,243
123,824
697,5
483,958
155,561
83,222
827,808
140,767
768,63
648,274
269,458
960,519
464,285
856,48
307,467
743,765
658,825
498,28
225,602
743,110
823,906
219,288
258,604
770,776
339,87
533,26
229,426
270,155
984,242
571,595
701,682
620,579
113,956
708,895
184,387
685,509
829,778
884,441
916,448
13,893
679,731
58,316
957,331
540,607
821,963
329,333
747,438
532,99
859,42
859,968
884,124
364,84
996,676
226,62
993,420
270,196
146,51
933,753
698,134
744,631
191,749
53,471
393,154
428,974
816,900
159,296
425,65
494,885
268,51
840,434
154,8
664,695
358,356
611,444
891,663
463,145
235,568
189,454
233,839
616,580
445,384
185,176
773,409
662,417
915,533
145,798
317,727
983,547
771,89
838,794
621,764
869,657
336,645
841,442
969,726
929,964
477,95
766,37
644,395
100,16
405,234
597,835
939,218
520,605
218,551
768,969
110,357
754,427
515,220
616,139
546,440
27,825
92,914
819,27
219,100
690,163
266,852
223,561
908,864
486,209
70,72
388,552
949,673
297,30
836,740
729,443
856,685
794,803
452,115
671,535
532,623
310,885
443,689
426,598
345,630
950,431
810,409
462,379
798,385
450,433
656,384
603,884
599,249
595,246
661,827
45,713
32,626
958,875
182,759
188,442
387,516
766,355
505,365
425,951
348,131
182,584
912,604
559,941
173,750
445,579
849,338
576,992
379,597
614,351
331,385
745,778
493,781
964,291
295,214
477,32
40,74
644,498
710,669
508,552
464,114
494,178
585,254
695,597
162,23
619,549
324,435
552,928
9,448
613,540
442,988
860,467
238,393
359,655
861,44
421,501
390,356
825,441
664,663
293,978
948,556
37,379
422,822
45,784
300,766
43,617
135,328
879,172
610,409
860,423
317,145
441,746
368,736
851,939
508,767
983,387
239,631
278,782
161,601
154,903
917,534
323,966
780,14
350,241
262,753
767,940
379,378
76,103
966,126
426,771
996,732
163,541
312,54
107,538
966,138
62,474
853,120
500,955
560,373
784,965
473,52
484,425
468,993
688,444
341,160
254,973
59,835
406,56
667,882
741,371
971,927
837,469
674,81
867,173
342,9
625,578
315,926
353,616
926,433
328,334
430,40
255,1000
592,360
84,606
402,71
701,535
626,781
605,360
942,314
983,85
361,332
649,393
512,896
523,105
104,453
431,698
726,819
890,245
94,580
783,879
446,331
357,9
48,618
561,907
210,961
111,84
30,207
604,744
816,576
163,167
52,861
603,894
127,432
429,417
753,339
698,161
553,725
40,192
883,217
283,462
55,542
586,418
356,156
816,636
126,94
346,578
941,790
16,671
618,710
628,837
310,671
476,527
677,976
190,814
561,695
541,385
15,496
906,28
24,872
5,9
504,694
163,407
970,75
452,848
203,911
584,561
727,303
222,535
335,199
864,235
29,604
831,612
795,953
73,860
367,707
123,641
59,8
941,588
741,146
577,309
630,139
380,479
190,98
444,992
32,991
941,684
683,824
288,982
939,581
802,597
737,243
632,306
156,866
288,993
450,639
127,69
960,569
453,436
538,278
342,89
811,196
309,124
742,204
740,536
288,77
454,367
964,951
148,589
120,43
717,224
9,725
241,764
539,472
735,663
822,374
534,14
489,340
893,955
370,264
60,326
685,867
325,393
305,162
784,928
534,484
217,222
713,822
89,333
597,383
736,977
334,429
960,222
460,93
633,200
493,492
658,919
93,987
618,628
390,192
507,276
214,278
899,376
564,919
298,367
354,717
240,122
768,655
761,276
60,147
290,810
48,404
815,144
636,882
863,569
994,822
547,22
978,583
495,356
836,991
489,349
611,210
898,589
450,558
88,968
3,327
249,539
518,68
26,60
837,466
950,691
349,21
989,995
302,860
84,314
754,627
918,799
623,859
527,56
8,753
174,977
626,682
412,566
431,584
220,739
764,917
88,793
818,436
772,802
385,677
722,826
257,393
267,761
359,610
584,829
190,903
823,618
676,572
246,292
950,677
707,836
951,709
797,169
55,495
613,267
117,930
415,330
734,776
762,319
256,108
956,943
618,12
362,971
306,548
727,78
870,367
353,620
176,464
773,305
844,682
393,649
708,477
501,722
786,177
91,624
737,312
49,969
222,234
772,335
798,964
185,287
608,561
327,378
255,114
45,288
158,310
87,936
67,302
707,950
407,431
399,723
437,229
893,365
901,570
785,655
580,486
239,265
253,631
311,237
719,560
727,621
442,241
895,498
969,632
534,50
700,689
690,578
250,134
598,340
404,300
800,480
276,367
848,186
419,758
695,30
84,879
424,78
24,995
68,956
354,289
342,839
985,195
929,491
695,430
393,915
569,379
682,548
471,465
12,570
494,544
618,429
729,441
135,727
51,65
110,356
470,716
233,172
20,331
51,880
955,931
33,431
874,919
203,301
671,772
727,524
527,551
515,548
740,335
974,369
614,815
440,495
646,43
516,658
431,154
675,96
237,817
622,833
278,403
746,886
561,763
560,972
753,162
752,739
969,611
513,916
139,487
247,396
43,916
794,354
876,415
948,207
628,193
751,942
9,493
450,52
242,1000
796,865
529,567
845,554
971,919
158,245
967,81
188,135
363,557
176,958
765,713
17,300
892,548
290,663
993,481
3,748
288,333
141,903
171,737
501,516
169,253
706,450
216,266
673,767
26,25
101,128
116,640
163,201
397,861
554,922
337,525
232,425
326,336
227,261
944,726
101,290
580,646
24,400
664,359
19,622
748,373
935,336
230,761
263,879
782,428
438,694
126,185
863,190
873,938
257,288
454,599
601,108
8,860
96,77
580,266
4,921
262,908
53,546
462,484
372,382
750,895
302,199
373,631
518,350
251,436
275,292
210,104
948,952
432,480
23,657
279,3
440,880
45,370
28,733
290,791
308,678
633,862
901,988
766,668
730,956
81,606
740,399
584,398
719,504
384,993
236,461
600,956
985,169
338,602
263,288
975,457
482,303
567,31
726,690
676,984
731,761
946,524
508,113
936,670
733,160
405,235
396,241
130,28
476,275
480,492
890,671
9,295
461,204
793,358
300,983
179,821
115,930
968,11
657,645
445,609
168,774
46,122
722,870
37,842
535,972
950,621
948,743
571,959
221,168
668,353
18,6
94,937
431,9
344,479
998,644
923,728
644,75
441,960
535,647
965,198
510,893
316,488
352,512
434,79
975,577
345,609
317,668
537,940
280,602
333,610
700,874
885,609
236,198
334,312
75,258
595,69
641,97
443,444
556,257
996,986
181,440
919,443
647,237
891,267
832,145
871,949
416,180
866,307
348,726
330,537
380,941
821,443
783,192
859,303
163,380
356,341
538,72
183,341
163,341
275,720
857,531
856,649
64,28
292,261
383,987
606,502
54,650
639,279
307,265
130,948
966,550
367,769
254,11
543,299
899,374
762,144
853,761
380,762
992,213
675,731
314,975
253,167
590,6
365,560
876,53
380,675
116,770
282,925
925,892
548,298
776,227
542,281
710,560
128,94
634,259
325,973
256,384
703,488
266,879
442,205
539,316
511,484
244,990
73,38
860,838
667,542
473,619
683,797
211,566
192,184
471,440
549,963
89,223
610,629
935,262
465,261
99,511
67,662
273,309
967,828
132,637
382,545
407,118
719,667
839,651
237,399
584,649
774,783
707,755
878,548
892,501
877,910
957,195
387,370
461,348
276,4
153,111
918,25
117,880
312,311
38,439
554,890
787,899
230,843
628,916
789,877
485,771
691,305
643,362
972,161
47,278
624,369
593,967
536,700
842,988
636,453
240,727
117,753
482,264
956,7
742,453
421,240
957,352
973,446
842,408
863,957
485,484
864,735
983,355
959,200
959,485
750,378
18,995
443,729
481,334
858,752
268,150
214,561
485,548
876,508
495,878
170,835
778,913
355,734
527,816
995,579
253,268
12,597
311,32
429,597
409,794
900,143
928,774
854,989
108,835
417,89
756,487
516,502
351,195
307,37
424,721
544,996
237,431
99,406
98,268
346,790
646,873
922,537
408,991
579,806
220,632
363,164
109,122
874,8
787,62
874,124
651,582
761,601
292,638
471,816
491,896
170,614
248,826
208,380
957,694
212,569
645,838
835,249
59,680
276,138
776,828
675,719
505,588
717,962
994,416
346,42
345,963
437,174
743,988
941,74
488,350
838,39
364,65
188,536
676,692
974,613
31,367
534,878
903,929
978,838
624,876
562,625
33,407
420,392
63,115
847,563
892,572
931,500
196,29
639,9
771,998
359,668
668,821
822,708
692,189
879,174
122,948
155,257
619,502
657,103
990,262
14,449
845,451
429,187
958,457
151,895
16,639
168,305
351,643
178,450
632,343
50,144
830,72
969,868
375,463
434,754
508,122
711,82
31,644
523,647
880,869
85,350
680,918
372,9
670,33
213,657
420,128
501,380
525,300
493,863
709,378
825,850
198,279
378,236
927,506
916,844
497,242
44,815
704,857
396,566
368,364
221,279
910,863
673,795
341,501
544,317
919,708
812,194
558,351
492,21
790,437
914,932
678,41
126,814
487,316
928,920
810,930
104,816
389,379
374,371
46,116
531,75
984,211
393,926
280,885
189,388
237,312
250,839
146,232
445,291
6,52
519,900
232,860
12,310
11,600
294,204
1000,68
508,323
550,601
995,576
339,226
78,901
417,622
445,323
456,193
531,956
479,699
440,576
278,17
963,515
871,488
549,320
20,143
134,532
743,461
79,29
45,567
283,935
399,803
423,146
140,642
484,662
9,546
817,715
869,154
347,651
746,114
983,253
5,440
484,887
597,299
125,557
578,480
579,666
597,754
751,411
291,422
377,485
432,491
316,79
89,78
850,209
833,585
146,890
287,839
933,342
372,15
801,409
837,266
81,857
614,764
347,699
229,297
503,802
622,556
69,942
763,992
719,445
370,142
187,508
293,817
609,67
168,560
413,487
582,624
239,609
14,38
862,244
916,48
895,794
683,394
324,368
243,803
199,647
217,127
579,990
91,99
163,321
777,936
686,295
199,501
633,193
971,507
3,523
954,973
153,315
876,265
40,916
622,293
486,405
478,723
722,526
198,637
918,991
157,571
780,852
197,533
276,395
228,664
771,300
496,869
557,581
293,242
387,748
32,769
492,475
684,771
510,591
987,903
972,689
421,280
123,364
700,357
940,39
607,783
736,413
753,999
293,145
71,973
693,49
79,375
118,613
297,718
552,151
507,86
497,935
835,857
970,909
206,62
769,729
295,716
716,21
645,869
876,861
303,892
839,314
239,211
36,364
122,126
698,805
465,510
762,307
429,646
857,509
519,749
294,996
288,368
820,125
291,468
966,33
427,893
23,321
62,129
292,416
826,350
405,891
242,684
336,796
502,730
51,383
451,225
661,304
657,444
51,812
408,47
945,778
984,515
500,655
981,219
723,685
876,312
770,753
41,493
889,462
682,494
303,855
13,379
316,711
228,445
709,879
136,661
685,817
418,305
250,47
539,222
250,471
433,595
475,136
776,217
348,722
904,206
769,315
638,970
661,116
400,999
155,419
654,74
736,631
16,435
812,198
269,543
162,914
710,469
925,818
906,264
370,701
277,522
957,695
352,370
31,41
431,242
347,606
827,868
440,468
66,210
331,109
491,2
690,967
368,381
463,97
189,473
5,410
901,772
336,236
643,356
231,987
606,444
514,290
675,404
374,448
863,376
915,329
753,41
427,538
885,483
566,969
776,571
59,313
294,870
859,727
113,743
751,320
356,172
991,759
177,311
413,854
787,368
301,888
919,157
908,266
169,204
124,738
948,227
192,486
252,735
663,133
886,170
929,917
470,428
768,579
931,489
552,170
142,384
582,319
230,16
755,350
288,172
987,597
744,891
58,765
826,907
250,742
893,530
730,954
238,679
39,863
691,324
607,267
533,898
715,973
28,837
265,522
164,186
125,852
588,597
477,401
474,106
790,723
198,943
149,949
112,752
159,51
752,437
414,893
2,973
379,301
682,746
997,94
305,641
228,551
418,493
809,674
876,405
563,275
928,555
404,352
586,791
552,488
319,915
829,862
453,232
767,927
406,593
961,685
934,329
725,408
177,856
253,55
880,288
32,495
881,519
857,885
187,621
756,236
321,670
127,916
985,391
367,831
300,398
266,324
266,117
653,578
874,525
836,427
201,111
939,928
379,469
100,737
927,763
205,118
867,238
701,710
298,1000
561,309
213,145
687,391
842,825
959,203
883,428
759,135
782,707
223,997
214,187
800,352
91,514
883,612
809,845
504,727
94,743
842,794
19,993
350,556
225,372
424,945
396,290
890,576
763,452
605,247
478,379
369,182
111,864
499,860
125,878
513,484
507,740
798,128
8,953
819,348
438,738
327,131
754,907
208,414
413,221
384,689
376,796
907,248
650,888
312,513
660,242
599,959
705,74
782,110
210,256
554,641
576,561
759,136
668,280
625,848
580,571
557,257
436,666
97,455
458,574
865,239
963,260
424,478
525,43
133,211
975,106
776,972
735,512
97,82
527,59
921,372
847,5
572,820
90,281
893,182
485,531
404,826
31,582
559,701
4,747
404,712
835,918
143,87
621,628
623,543
888,496
935,748
999,414
73,600
672,713
797,180
772,20
526,859
105,560
639,918
597,102
937,868
304,15
32,291
290,224
900,388
365,867
500,846
409,386
479,250
973,943
137,205
732,724
78,305
187,264
541,494
944,571
767,403
892,192
87,428
33,462
699,223
39,13
476,330
62,481
825,216
408,482
635,76
173,426
592,94
59,269
524,370
669,84
220,698
200,698
650,795
954,676
752,724
419,801
985,452
250,101
530,718
447,100
121,407
419,149
395,986
649,81
800,815
143,594
144,523
494,932
397,142
305,752
488,313
169,848
844,647
622,929
161,826
486,493
489,336
750,692
708,963
503,49
441,766
749,363
345,913
628,593
908,179
409,829
456,470
885,56
996,977
233,974
745,396
196,556
622,144
106,112
945,712
381,448
621,516
565,409
586,953
496,61
995,152
241,733
778,426
777,403
410,59
735,565
202,24
669,76
807,906
452,57
960,956
695,199
566,938
11,308
353,805
684,379
502,442
611,736
330,753
25,680
853,719
946,548
593,993
293,152
728,444
721,987
175,235
382,678
953,171
676,934
279,233
723,49
892,737
657,543
821,78
501,118
386,648
628,168
366,277
290,680
722,935
817,499
906,464
212,676
814,560
301,586
356,853
618,658
935,313
603,569
556,570
193,33
75,126
730,98
305,95
590,38
130,880
108,249
421,268
953,383
211,844
963,239
375,101
191,951
644,870
926,840
67,420
597,537
228,278
970,128
605,254
473,274
583,450
655,91
399,192
438,793
794,442
253,337
690,148
32,3
713,37
622,944
540,134
597,968
368,86
668,642
872,966
938,608
584,800
790,479
759,477
841,960
710,53
207,697
13,665
824,990
103,5
911,648
714,214
184,569
189,218
286,662
104,109
299,935
840,570
696,730
602,428
51,117
989,743
661,209
689,239
2,365
257,983
428,73
342,386
28,178
390,254
364,586
689,423
274,405
536,120
739,254
615,849
880,867
610,773
916,599
386,655
997,221
17,253
221,336
721,119
182,403
343,991
975,425
43,137
434,853
7,34
474,797
580,792
672,54
141,159
935,928
122,445
634,599
996,461
10,860
516,820
888,132
127,130
2,537
719,237
58,52
747,85
138,731
57,850
406,116
712,979
119,8
340,619
737,957
469,818
914,648
292,264
972,768
21,140
119,331
412,558
922,672
162,989
484,717
877,782
528,827
52,61
314,162
71,908
30,145
788,135
91,263
890,482
973,321
893,858
505,118
905,75
74,216
783,123
720,473
942,174
880,937
379,568
130,951
727,874
658,888
118,842
442,502
798,123
317,218
83,467
509,657
748,293
795,690
342,894
574,47
661,349
956,937
728,986
988,482
145,107
412,880
379,244
860,360
299,374
5,546
150,887
486,642
381,987
441,569
465,442
676,65
463,458
910,848
808,352
920,430
860,562
950,699
652,465
601,770
783,908
93,33
104,338
902,614
916,646
15,185
740,321
188,752
793,925
69,885
281,530
425,112
529,276
596,396
666,553
241,89
445,362
222,602
330,664
612,19
594,563
613,937
543,880
467,65
545,735
760,128
428,147
442,135
954,831
350,351
308,16
441,719
288,641
878,160
92,119
469,574
557,895
39,866
922,995
646,399
841,756
991,294
195,127
369,925
616,302
868,797
281,438
394,877
208,729
808,197
710,288
274,454
401,956
784,445
257,722
484,919
694,671
254,444
614,603
236,321
86,10
107,882
136,27
489,154
70,746
942,927
752,779
593,75
676,316
241,725
655,690
590,822
273,413
833,353
911,17
145,969
646,848
720,372
691,118
917,108
98,78
158,982
551,865
152,203
425,963
691,445
42,410
569,801
7,489
747,865
65,869
364,438
802,246
697,26
3,226
276,969
92,449
109,65
198,302
446,786
577,996
594,221
349,992
793,418
867,476
233,622
388,324
265,990
392,931
531,717
449,129
555,312
103,213
807,690
509,148
287,429
966,963
65,58
558,245
517,918
580,551
205,202
674,19
124,426
882,288
688,327
928,580
462,405
302,39
326,775
988,771
598,485
23,462
217,58
327,722
224,474
383,973
426,950
33,265
430,891
149,871
769,773
735,899
130,591
831,709
419,999
262,528
484,431
152,941
563,139
278,374
451,634
226,72
692,219
749,358
260,524
509,83
172,958
473,990
279,256
843,342
367,413
919,940
392,532
993,852
510,103
761,294
61,296
566,18
323,743
248,358
952,788
891,393
259,373
279,276
42,211
984,243
753,405
202,118
340,426
711,177
445,348
737,309
546,303
379,622
592,669
759,501
928,494
852,380
370,892
206,389
691,544
987,742
171,726
749,460
306,58
448,323
841,154
573,307
174,948
416,370
633,145
293,217
991,687
947,965
483,995
583,386
177,486
584,154
7,375
183,992
422,456
646,583
497,239
949,981
12,710
952,5
776,598
783,12
857,208
302,608
247,969
298,369
410,682
303,38
721,770
787,255
525,238
78,561
15,291
288,948
912,922
670,744
580,92
898,926
993,307
956,820
578,777
309,230
579,741
772,825
427,373
186,316
5,945
890,200
105,88
254,916
549,826
108,1
244,679
76,338
399,942
781,727
305,393
879,254
179,95
313,963
196,781
515,92
110,979
404,217
559,975
540,645
982,661
301,478
580,938
283,644
242,836
982,880
835,281
189,8
64,796
379,398
291,278
514,106
257,558
1000,911
101,539
984,423
775,629
218,73
278,123
839,882
955,402
265,96
901,927
4,848
932,314
29,511
785,892
877,104
73,421
68,873
555,114
570,233
28,680
770,958
965,379
975,490
951,8
932,721
481,99
965,538
560,631
267,986
888,92
219,730
554,454
302,478
601,496
971,100
425,723
777,688
50,403
5,726
353,168
480,348
203,540
718,793
663,919
420,273
297,539
438,412
220,184
47,438
254,137
347,885
811,356
966,266
368,445
398,4
766,136
199,663
174,228
16,257
559,446
35,911
940,106
318,132
21,129
221,607
439,170
66,624
442,88
987,207
862,364
726,249
692,882
504,726
163,293
685,808
419,664
993,23
712,539
447,232
235,619
565,877
142,628
406,889
510,372
100,500
767,380
925,252
696,684
863,875
858,218
181,568
313,738
576,600
506,163
222,756
903,166
652,615
835,39
52,527
693,306
781,113
1,978
794,45
580,520
309,707
291,368
502,570
57,58
123,91
313,259
969,469
273,911
3,550
740,130
887,38
50,815
690,591
991,670
586,983
37,353
26,821
768,24
693,924
561,753
727,829
636,917
383,994
85,292
739,317
652,46
114,68
995,955
119,188
240,539
62,839
109,441
813,104
829,635
892,924
249,899
251,664
782,588
103,251
142,23
807,660
690,45
569,250
515,500
858,167
890,1000
308,181
380,827
912,268
594,45
466,755
774,257
962,401
804,347
805,143
349,966
103,550
166,253
967,219
445,807
175,237
77,78
465,574
944,464
391,548
848,36
115,439
685,396
903,668
474,54
916,124
777,159
173,119
310,542
200,996
897,9
336,817
984,296
771,969
172,71
719,284
216,743
134,103
409,234
303,347
762,235
479,535
3,864
184,747
886,388
678,800
54,6
894,192
872,337
604,290
344,540
742,712
51,76
808,279
61,379
718,429
235,866
878,226
194,503
628,804
123,286
925,365
894,464
282,763
137,732
360,107
859,658
395,331
534,234
59,350
209,32
561,304
213,977
490,544
865,633
683,61
433,730
803,804
46,8
522,515
616,523
378,461
897,402
285,39
100,27
304,527
143,64
357,842
288,456
532,199
929,555
246,900
509,628
679,137
167,918
46,395
769,123
991,195
815,819
965,424
792,18
193,782
122,617
705,51
315,884
662,263
943,2
78,615
605,724
76,631
789,969
112,294
692,597
36,356
199,747
699,593
82,828
602,337
220,78
846,105
511,939
468,769
691,952
926,974
973,950
775,473
851,305
6,857
925,204
219,916
683,133
964,500
667,318
819,995
724,454
597,437
718,2
211,758
249,210
88,489
725,332
393,401
727,768
134,323
483,865
185,288
874,676
105,404
412,805
4,693
986,921
543,640
356,283
502,935
717,297
508,850
423,775
126,646
105,444
192,38
458,991
119,650
891,184
938,490
127,911
979,958
541,890
648,568
139,75
761,85
259,32
773,830
979,239
847,282
899,782
314,768
589,526
960,841
45,650
43,750
149,401
225,666
306,83
112,947
146,252
100,690
690,489
347,622
532,100
65,64
482,168
198,883
791,744
507,590
110,723
192,833
256,950
269,653
190,645
35,916
165,403
932,865
774,560
537,897
459,46
585,876
324,928
488,408
317,748
509,404
531,131
395,226
926,882
439,270
172,953
765,252
142,605
793,199
901,754
680,303
763,129
915,548
988,426
685,852
488,482
543,46
260,794
913,981
779,431
319,687
454,605
508,594
898,584
833,846
330,206
174,572
717,669
18,28
26,712
127,676
532,250
574,336
298,612
407,817
926,584
941,231
186,407
95,721
106,831
657,634
671,597
587,477
141,680
844,133
167,593
233,300
300,130
915,509
511,878
498,76
131,341
484,342
826,890
22,681
550,980
736,569
832,144
218,563
644,64
106,57
85,596
263,110
238,287
214,86
732,18
323,399
429,922
582,355
431,627
106,634
95,746
343,652
108,89
59,667
405,102
448,275
137,353
826,367
488,18
449,651
792,508
82,879
754,875
92,97
170,789
976,632
746,412
548,946
329,476
202,915
65,662
139,419
875,861
996,52
474,937
887,507
715,161
496,878
86,374
28,635
290,991
175,182
497,812
781,359
238,816
221,502
522,257
405,755
317,299
317,995
975,964
606,516
528,641
21,324
965,737
38,31
981,84
980,192
563,715
129,396
873,894
53,90
728,68
357,617
201,740
708,616
143,336
680,646
903,753
134,250
444,317
741,419
255,594
379,426
390,184
779,866
160,966
23,596
867,105
488,32
501,933
428,916
134,553
791,451
740,163
838,920
205,347
581,881
575,747
127,3
893,351
81,971
688,292
990,662
983,448
336,270
25,236
308,607
916,106
738,954
869,175
537,817
996,543
726,703
895,820
540,557
682,865
305,955
869,373
316,202
953,963
318,104
785,191
372,871
92,226
502,628
248,33
678,689
731,777
118,137
557,688
556,105
958,286
595,235
397,169
194,177
910,537
729,971
551,142
719,779
362,695
398,489
964,51
994,965
206,916
817,12
315,312
413,871
342,691
200,75
197,80
419,994
558,799
764,45
566,532
369,197
863,479
910,661
210,396
861,194
621,666
819,614
77,901
409,392
336,135
751,92
105,693
938,463
378,78
882,515
513,712
618,43
21,734
840,712
666,773
103,697
580,517
111,107
525,164
914,627
948,69
531,94
693,796
402,632
809,819
690,7
570,285
926,751
309,903
159,348
792,49
644,169
201,888
591,469
368,646
865,84
887,252
406,321
56,218
759,31
779,910
536,486
104,703
869,18
475,562
264,390
792,952
965,508
715,989
823,438
524,369
918,573
970,900
727,973
137,349
500,547
591,112
564,4
968,738
702,524
851,463
616,163
605,550
194,172
922,1000
748,497
428,408
888,906
145,315
485,19
630,601
797,341
858,104
449,696
184,964
346,291
237,970
462,616
324,794
225,113
701,863
355,776
805,273
68,848
644,482
320,927
68,730
63,652
285,44
246,403
101,554
678,776
237,593
916,869
430,763
651,572
771,607
324,789
123,213
432,264
850,259
178,976
894,432
46,682
879,811
135,270
786,708
331,264
242,946
733,62
878,204
643,291
652,189
543,162
429,902
197,464
201,607
645,314
726,966
377,900
205,912
53,435
733,495
848,132
604,792
768,859
493,762
359,746
1,610
6,359
812,528
132,547
788,623
803,301
302,105
484,252
561,884
973,393
565,439
920,438
9,991
